cantus_id,incipit,feast,genre,office,position,mode,folio,sequence,melody,chantlink,office_name,genre_name
004141,Omnibus se invocantibus benignus adest,Nicolai,A,M,2.6,4,215r,,,https://cantusdatabase.org/chant/245439,Matins,Antiphon
004141,Omnibus se*,Nicolai,A,N,,*,218v,,,https://cantusdatabase.org/chant/245471,None,Antiphon
004141,Omnibus se invocantibus benignus adest,Nicolai,A,M,2.6,4,333r,,,https://cantusdatabase.org/chant/252176,Matins,Antiphon
004141,Omnibus se invocantibus*,Nicolai,A,N,,*,336r,,,https://cantusdatabase.org/chant/252212,None,Antiphon
004141,Omnibus se invocantibus,Nicolai,A,M,2.6,*,288v,,,https://cantusdatabase.org/chant/338637,Matins,Antiphon
004141,Omnibus se invocantibus benignus adest,Nicolai,A,M,2.6,4,007v,,,https://cantusdatabase.org/chant/548683,Matins,Antiphon
004141,Omnibus se invocantibus benignus adest,Nicolai,A,M,2.6,4,157v,,1---fE--de--fdc---dc---d--ef--g--de--e---dh--hG--g---hk--hg-gfe---e--g---gh--hgfe--de--e77---efg--fe--d---g--f---gh--gfe--dE---e--e---4---h--g--h--k--g--e---3,https://cantusdatabase.org/chant/231265,Matins,Antiphon
004141,Omnibus se invocantibus benignus adest sanctus ,Nicolai,A,M,2.6,4,198r,,,https://cantusbohemiae.cz/chant/28023,Matins,Antiphon
004141,Omnibus se invocantibus,Nicolai,A,M,2.6,,045v,,,https://cantusdatabase.org/chant/461832,Matins,Antiphon
004141,Omnibus se invocantibus,Nicolai,A,M,2.6,4,060r,,,https://cantusdatabase.org/chant/467788,Matins,Antiphon
004141,Omnibus se invocantibus benignus adest,Nicolai,A,M,2.6,4,004r,,1---fE--de--fdc---dc---d--f7--g--de--e---dh--h--g---hk--hg-gfe---dE--f---gh--hgfe-de--e---efg--fe--dc---g--f---gh--gfe--dE---e--e---4---h--g--h--k--g--e---3,https://cantusdatabase.org/chant/614844,Matins,Antiphon
004141,Omnibus se invocantibus,Nicolai,A,M,2.6,4,149v,,,https://cantusdatabase.org/chant/434985,Matins,Antiphon
a01149,Humiliamini sub potenti manu dei ut ,Pro paenitentibus,A,,,,028r,,,http://musmed.eu/chant/118468,Unknown,Antiphon
004025,O Emmanuel rex et legifer,Antiphonae Majores,A,V,7M,2,033r,,,https://cantusdatabase.org/chant/243531,First Vespers,Antiphon
004025,O Emmanuel rex et legifer,Antiphonae Majores,A,V,7M,2,012v,,,https://cantusdatabase.org/chant/295101,First Vespers,Antiphon
004025,O Emmanuel rex et legifer,Antiphonae Majores,A,V,7M,2,024r,,,https://cantusdatabase.org/chant/297587,First Vespers,Antiphon
004025,O Emmanuel rex et legifer ,Antiphonae Majores,A,V,7M,2,019v,,,https://cantusdatabase.org/chant/287270,First Vespers,Antiphon
004025,O Emmanuel rex et legifer,Antiphonae Majores,A,V,7M,2,029v,,,https://cantusdatabase.org/chant/300380,First Vespers,Antiphon
004025,O Emmanuel rex et legifer,Antiphonae Majores,A,V,7M,2,016v,,,https://cantusdatabase.org/chant/290051,First Vespers,Antiphon
004025,O Emmanuel rex et legifer,Antiphonae Majores,A,V,7M,?,004v,,,https://cantusdatabase.org/chant/305734,First Vespers,Antiphon
004025,O Emmanuel rex et legifer,Antiphonae Majores,A,V2,8M,?,109v,,,https://cantusdatabase.org/chant/335600,Second Vespers,Antiphon
004025,O Emmanuel rex et legifer,Antiphonae Majores,A,V,7M,2?,009r,,,https://cantusdatabase.org/chant/437323,First Vespers,Antiphon
004025,O Emmanuel rex et legifer,Antiphonae Majores,A,V,7M,2,007v,,,https://cantusdatabase.org/chant/533975,First Vespers,Antiphon
004025,O Emmanuel rex et legifer,Antiphonae Majores,A,V,7M,2T,015v,,1---hk-kj---kh--jh--gh--h---j---h---h--jk--hj---hh--g---h--eh--hj--h--h---j--k--lml-mnm---m---l--k--kj---hk--kj--g7---hk--k---kJ---h--jH--gh---hge---h--g--h---kj--g---jk--h---4---k--k--k--j--g--h---3,https://cantusdatabase.org/chant/543451,First Vespers,Antiphon
004025,O Emmanuel rex et legifer,Antiphonae Majores,A,V,8M,2,022v,,,https://cantusdatabase.org/chant/548855,First Vespers,Antiphon
004025,O Emmanuel rex et legifer ,Antiphonae Majores,A,V,7M,2,020r,,,https://cantusdatabase.org/chant/669253,First Vespers,Antiphon
004025,O Emmanuel rex et legifer,Antiphonae Majores,A,V,7M,2,041r,,,https://cantusdatabase.org/chant/537305,First Vespers,Antiphon
004025,O Emmanuel rex et legifer,Antiphonae Majores,A,V,7M,2,029v,,,https://cantusdatabase.org/chant/540418,First Vespers,Antiphon
004025,O Emmanuel rex et legifer,Antiphonae Majores,A,V2,7M,2,029r,,1---df-fe---fd--ed--cd--d---e---d---ef--d--de---dd--c---d7--ad--de--d--d---e--f--ghghjh---h---g--f--fe---df--fe--c---df--f7---fe---d--ed--cd---dca---d--c--d---fe--c---ef--d---4---f--f--f--e--c--d7---3,https://cantusdatabase.org/chant/270424,Second Vespers,Antiphon
004025,O Emmanuel rex et legifer,Antiphonae Majores,A,V,7M,2,015r,,1---dfe---fd--fd--cd--d---f---d---d--ef--dfE---d7--c---d--cd--df--d--d---f--f--ghghijh---h---g--f--fe---df--fE--c---df--f---fE---d--fE--cd7---d---ca--c--d---fe--c---cf--d---4---f--f--f--e--c--d---3,https://cantusdatabase.org/chant/228598,First Vespers,Antiphon
004025,O Emmanuel rex et legifer ,Antiphonae Majores,A,V,7M,2,016v,,1---df-fE---fd--ed--cd--d---d7---d---ef--d--e---d--c---d--cd--d--d--c---e--f--ghg-hjh---h---g--f--fe---df--fE--dc---f--e7---f---d--ed--cd---dca---d--c--d---e--c---e--d---4---f--f--f--e--c--d7---3,https://cantusdatabase.org/chant/253490,First Vespers,Antiphon
004025,O Emmanuel rex et legifer,Antiphonae Majores,A,V,7M,2,048,,,https://cantusdatabase.org/chant/471111,First Vespers,Antiphon
004025,O Emmanuel rex et legifer ,Antiphonae Majores,A,V,7M,2,041,,,https://cantusdatabase.org/chant/456196,First Vespers,Antiphon
004025,O Emmanuel rex et legifer noster ,Antiphonae Majores,A,V,M,2,026v,,,https://cantusbohemiae.cz/chant/34910,First Vespers,Antiphon
004025,O Emmanuel rex et legifer noster ,Antiphonae Majores,A,V,,2,038r,,,https://cantusbohemiae.cz/chant/29963,First Vespers,Antiphon
004025,O Emmanuel*,Vigilia Nat. Domini,A,V,,,038v,,,https://cantusbohemiae.cz/chant/30003,First Vespers,Antiphon
004025,O Emmanuel lex et legifer,Vigilia Nat. Domini,A,V,M,2,012r,,,https://cantusdatabase.org/chant/645955,First Vespers,Antiphon
004025,O Emmanuel rex et legifer noster ,Antiphonae Majores,A,V2,,,027v,,,https://cantusbohemiae.cz/chant/28795,Second Vespers,Antiphon
004025,O Emmanuel rex et legifer,Antiphonae Majores,A,X,8M,,056r,,,https://cantusdatabase.org/chant/461979,Supplemental / Unclear,Antiphon
004025,O Emmanuel rex et legifer,Antiphonae Majores,A,V2,8M,2,009v,,,https://cantusdatabase.org/chant/467096,Second Vespers,Antiphon
004025,O Emmanuel rex et legifer,Antiphonae Majores,A,V,7M,2,022v,,,https://cantusdatabase.org/chant/179095,First Vespers,Antiphon
004025,O Emmanuel rex et legifer,Antiphonae Majores,A,V,8M,2,016r,,,https://cantusdatabase.org/chant/195332,First Vespers,Antiphon
004025,O Emmanuel rex et legifer noster ,Antiphonae Majores,A,E,7,,054r,,,https://cantusplanus.pl/chant/23577,Antiphons for Magnificat or Benedictus (in evangelio),Antiphon
004025,O Emmanuel rex et legifer ,Antiphonae Majores,A,V,8M,2T,014v,,1---df-fd---fd-fd--cd--d---d---d---d--fe--df---d--c---d--cd--df--d--d---f--f--ghg-hkh---h---h--g--fe---df--f---df--f---fe7---h--k--g---h---gf--g--h---kj--g---hk--h7---4,https://cantusdatabase.org/chant/615099,First Vespers,Antiphon
004025,O Emmanuel rex et legifer,Antiphonae Majores,A,V,7M,2T,015v,,1---hkkj---kH--jh--gh--h---j---h---jk--h--hj---hh--g---h--eh--hj--h--h7---j--k--lml-mnm---m---l--k--kj---hk--kj--g---3---hk--k---k---h--j--gh---hge---h--g--h---kj--g7---jk--h---4---k--k--k--j--g--h7---3,https://cantusdatabase.org/chant/602171,First Vespers,Antiphon
004025,O Emmanuel rex et legifer ,Antiphonae Majores,A,V,8M,2,019v,,,https://cantusdatabase.org/chant/330535,First Vespers,Antiphon
004025,O Emmanuel rex et legifer,Antiphonae Majores,A,V,5M,2,079v,,,https://cantusdatabase.org/chant/345613,First Vespers,Antiphon
004025,O Emmanuel rex et legifer,Antiphonae Majores,A,V,7M,2,023v,,,https://cantusdatabase.org/chant/359367,First Vespers,Antiphon
004025,O Emmanuel rex et legifer,Antiphonae Majores,A,V,7M,2,032r,,1--cffe--fd-ed-cd-d--d--d--d-ef-de,https://cantusdatabase.org/chant/372437,First Vespers,Antiphon
004025,O Emmanuel rex et legifer,Antiphonae Majores,A,V,7M,2,009v,,,https://cantusdatabase.org/chant/376170,First Vespers,Antiphon
004025,O Emmanuel rex et legifer noster ,Vigilia Nat. Domini,A,M,,,049r,,,http://musmed.eu/chant/133962,Matins,Antiphon
004025,O Emmanuel rex et legifer,Antiphonae Majores,A,V,8M,2,008v,,,https://cantusdatabase.org/chant/431818,First Vespers,Antiphon
004025,O Emmanuel rex et legifer,Antiphonae Majores,A,V,7M,2,009r,,,https://cantusdatabase.org/chant/554302,First Vespers,Antiphon
004025,O Emmanuel rex et legifer,Antiphonae Majores,A,V,7M,2,145v,,1--df-fe--fd-fd-cd-d--d--d--d-ff-df-,https://cantusdatabase.org/chant/309413,First Vespers,Antiphon
004025,O Emmanuel rex et legifer noster ,Hebd. 3 Adventus,A,V,,2,021r,,,https://musicahispanica.eu/chant/31538,First Vespers,Antiphon
004025,O Emmanuel rex et legifer noster ,Antiphonae Majores,A,V,M,2,141r,,,https://musicahispanica.eu/chant/109504,First Vespers,Antiphon
004025,O Emmanuel rex et legifer noster ,Antiphonae Majores,A,V,M7,2,009r,,,https://musicahispanica.eu/chant/51465,First Vespers,Antiphon
004025,O Emmanuel rex et legifer noster ,Antiphonae Majores,A,V2,,2,018r,,,https://musicahispanica.eu/chant/115672,Second Vespers,Antiphon
004025,O Emmanuel rex et legifer noster ,Antiphonae Majores,A,V,M,2,028r,,,https://musicahispanica.eu/chant/104180,First Vespers,Antiphon
004025,O*,Fer. 2 Hebd. 4 Adv.,A,V,M,*,024v,,,https://musicahispanica.eu/chant/105135,First Vespers,Antiphon
004025,O Emmanuel rex et legifer noster ,Antiphonae Majores,A,V,,2,010v,,,https://musicahispanica.eu/chant/47624,First Vespers,Antiphon
004025,O Emmanuel rex et legifer noster ,Antiphonae Majores,A,V,6M,2,118r,,,https://musicahispanica.eu/chant/77016,First Vespers,Antiphon
004025,O Emmanuel rex et legifer noster ,Dom. 4 Adventus,A,V,,2,0014v,,,https://musicahispanica.eu/chant/22803,First Vespers,Antiphon
004025,O Emmanuel rex et legifer noster ,Hebd. 3 Adventus,A,E,,2,023r,,,https://musicahispanica.eu/chant/20662,Antiphons for Magnificat or Benedictus (in evangelio),Antiphon
004025,O Emmanuel rex et legifer noster ,Antiphonae Majores,A,V,,2,001r,,,https://musicahispanica.eu/chant/126591,First Vespers,Antiphon
004025,O Emmanuel rex et legifer noster ,Antiphonae Majores,A,V,,2,014v,,,https://musicahispanica.eu/chant/37239,First Vespers,Antiphon
004025,O Emmanuel rex et legifer,Antiphonae Majores,A,V,6M,2,002r,,,https://cantusdatabase.org/chant/477024,First Vespers,Antiphon
004025,O Emmanuel rex et legifer,Antiphonae Majores,A,V,7M,2,010v,,,https://cantusdatabase.org/chant/482073,First Vespers,Antiphon
004025,O Emmanuel rex et legifer noster ,Antiphonae Majores,A,X,,2,019r,,,https://musicahispanica.eu/chant/129470,Supplemental / Unclear,Antiphon
004025,O Emmanuel rex et legifer,Antiphonae Majores,A,V,7M,*,061v,,,https://cantusdatabase.org/chant/176302,First Vespers,Antiphon
004025,O Emmanuel rex et legifer,Antiphonae Majores,A,V,7M,2,035r,,,https://cantusdatabase.org/chant/154750,First Vespers,Antiphon
004025,O Emmanuel rex et legifer,Fer. 5 Hebd. 4 Adv.,A,V2,M,2,029v,,,https://cantusdatabase.org/chant/200207,Second Vespers,Antiphon
004025,O Emmanuel rex et legifer,Antiphonae Majores,A,V,7M,2,005r,,,https://cantusdatabase.org/chant/206237,First Vespers,Antiphon
004025,O Emmanuel rex et legifer noster ,Antiphonae Majores,A,V2,,,054r,,,http://musmed.eu/chant/195262,Second Vespers,Antiphon
004025,O Emmanuel rex*,Antiphonae Majores,A,V,7M,2*,014v,,,https://cantusdatabase.org/chant/444668,First Vespers,Antiphon
004025,O Emmanuel rex et legifer,Antiphonae Majores,A,V,7M,2,013v,,,https://cantusdatabase.org/chant/394077,First Vespers,Antiphon
004025,O Emmanuel*,Antiphonae Majores,A,V,3M,*,006r,,,https://cantusdatabase.org/chant/398450,First Vespers,Antiphon
004025,O Emmanuel rex et legifer,Antiphonae Majores,A,V,7M,*,071v,,,https://cantusdatabase.org/chant/404525,First Vespers,Antiphon
004025,O Emmanuel rex et legifer,Antiphonae Majores,A,V,8M,2,134v,,1---df-fe---fd--ed--cd7--d---d---d---d--ef--de---d--c---d--ad--f7--d--d---e--f--ghg-hjh---h---g--f--fe---df7--fe--c---df--f---fE---d--ed--cd77---dca---c--d--f---fe--c---ef--d---4---f--f--d--fe--c--d7---3---c--d--cf7---3,https://cantusdatabase.org/chant/408652,First Vespers,Antiphon
004025,O Emmanuel rex et legifer noster ,Antiphonae Majores,A,V,,2,014r,,,http://musmed.eu/chant/25467,First Vespers,Antiphon
004025,O Emmanuel rex et legifer noster ,Antiphonae Majores,A,V,7M,,036r,,,http://musmed.eu/chant/118772,First Vespers,Antiphon
004025,O Emmanuel rex et legifer noster ,Antiphonae Majores,A,V,7M,,009r,,,http://musmed.eu/chant/87526,First Vespers,Antiphon
004025,O Emmanuel rex et legifer noster ,Antiphonae Majores,A,V2,M,,033r,,,http://musmed.eu/chant/160325,Second Vespers,Antiphon
004025,O Emmanuel rex et legifer,Antiphonae Majores,A,V,7M,2T,020v,,,https://cantusdatabase.org/chant/451473,First Vespers,Antiphon
004025,O Emmanuel rex et legifer,Antiphonae Majores,A,V,8M,2,017r,,,https://cantusdatabase.org/chant/417198,First Vespers,Antiphon
004025,O Emmanuel*,Fer. 6 Hebd. 3 Adv.,A,V2,M,*,037r,,,https://cantusdatabase.org/chant/487965,Second Vespers,Antiphon
004025,O Emmanuel*,Sabbato Hebd. 3 Adv.,A,V2,M,*,038r,,,https://cantusdatabase.org/chant/488006,Second Vespers,Antiphon
004025,O Emmanuel*,Dom. 4 Adventus,A,V2,M,*,038v,,,https://cantusdatabase.org/chant/488039,Second Vespers,Antiphon
004025,O Emmanuel*,Fer. 2 Hebd. 4 Adv.,A,V2,M,*,039r,,,https://cantusdatabase.org/chant/488075,Second Vespers,Antiphon
004025,O Emmanuel*,Fer. 3 Hebd. 4 Adv.,A,V2,M,*,040r,,,https://cantusdatabase.org/chant/488108,Second Vespers,Antiphon
004025,O Emmanuel*,Fer. 4 Hebd. 4 Adv.,A,V2,M,*,040v,,,https://cantusdatabase.org/chant/488138,Second Vespers,Antiphon
004025,O Emmanuel*,Fer. 5 Hebd. 4 Adv.,A,V2,M,*,041r,,,https://cantusdatabase.org/chant/488178,Second Vespers,Antiphon
004025,O Emmanuel rex et legifer,Antiphonae Majores,A,V,7M,2,054v,,,https://cantusdatabase.org/chant/488288,First Vespers,Antiphon
004025,O Emmanuel rex et legifer,Antiphonae Majores,A,V,6M,2,012r,,,https://cantusdatabase.org/chant/498342,First Vespers,Antiphon
004025,O Emmanuel rex et legifer noster ,Antiphonae Majores,A,V,M,2,015r,,,https://musicahispanica.eu/chant/80925,First Vespers,Antiphon
004025,O Emmanuel rex et legifer noster ,Antiphonae Majores,A,V,M,2,020r,,,https://musicahispanica.eu/chant/52718,First Vespers,Antiphon
004025,O Emmanuel rex et legifer,Antiphonae Majores,A,V,6M,?,008v,,,https://cantusdatabase.org/chant/378347,First Vespers,Antiphon
004025,O Emmanuel rex et legifer,Antiphonae Majores,A,V,7M,?,008v,,,https://cantusdatabase.org/chant/382749,First Vespers,Antiphon
004025,O Emmanuel*,Fer. 6 Hebd. 3 Adv.,A,V2,M,*,009r,,,https://cantusdatabase.org/chant/522399,Second Vespers,Antiphon
004025,O Emmanuel*,Fer. 5 Hebd. 4 Adv.,A,V2,M,*,010r,,,https://cantusdatabase.org/chant/522454,Second Vespers,Antiphon
